id,lat,lng,incident_type,hour,day_of_week,lighting,risk_level,city,area,pole_id,light_status,brightness_pct,light_working,last_maintained
1,12.939383,77.61025,stalking,10,1,good,2,Bengaluru,Koramangala,BEN-KOR-0001,working,94,True,2025-02-19
2,12.932858,77.610394,assault,9,4,none,4,Bengaluru,Koramangala,BEN-KOR-0002,working,94,True,2025-07-08
3,12.933676,77.617846,harassment,20,1,poor,4,Bengaluru,Koramangala,BEN-KOR-0003,working,69,True,2025-04-25
4,12.930298,77.612282,harassment,14,2,good,3,Bengaluru,Koramangala,BEN-KOR-0004,off,14,False,2025-09-04
5,12.949393,77.620856,eve_teasing,11,5,good,2,Bengaluru,Koramangala,BEN-KOR-0005,off,6,False,2025-12-03
6,12.921575,77.616337,stalking,23,6,none,4,Bengaluru,Koramangala,BEN-KOR-0006,working,77,True,2025-08-21
7,12.945223,77.61438,stalking,9,2,good,2,Bengaluru,Koramangala,BEN-KOR-0007,working,64,True,2025-10-21
8,12.925334,77.631374,assault,16,2,good,4,Bengaluru,Koramangala,BEN-KOR-0008,working,95,True,2025-04-22
9,12.929928,77.632549,harassment,9,0,good,3,Bengaluru,Koramangala,BEN-KOR-0009,working,64,True,2025-04-19
10,12.946491,77.61894,robbery,17,5,dim,3,Bengaluru,Koramangala,BEN-KOR-0010,working,75,True,2025-12-18
11,12.936369,77.63191,theft,22,3,none,3,Bengaluru,Koramangala,BEN-KOR-0011,broken,16,False,2025-08-03
12,12.942873,77.635333,assault,19,6,good,5,Bengaluru,Koramangala,BEN-KOR-0012,working,84,True,2025-07-20
13,12.950084,77.625373,eve_teasing,21,0,poor,4,Bengaluru,Koramangala,BEN-KOR-0013,working,94,True,2025-05-25
14,12.939429,77.612847,theft,7,0,good,1,Bengaluru,Koramangala,BEN-KOR-0014,flickering,16,False,2025-03-17
15,12.947579,77.635616,stalking,21,4,poor,4,Bengaluru,Koramangala,BEN-KOR-0015,working,70,True,2025-09-25
16,12.947873,77.637055,eve_teasing,12,0,poor,2,Bengaluru,Koramangala,BEN-KOR-0016,working,79,True,2025-04-02
17,12.927426,77.626521,harassment,5,3,dim,5,Bengaluru,Koramangala,BEN-KOR-0017,off,24,False,2025-03-05
18,12.939993,77.637905,assault,10,6,good,4,Bengaluru,Koramangala,BEN-KOR-0018,off,24,False,2025-12-23
19,12.926235,77.618851,robbery,19,3,good,4,Bengaluru,Koramangala,BEN-KOR-0019,working,75,True,2025-04-03
20,12.930343,77.627149,assault,18,0,none,5,Bengaluru,Koramangala,BEN-KOR-0020,working,74,True,2025-02-02
21,12.986589,77.593626,assault,11,3,poor,4,Bengaluru,MG Road,BEN-MG -0021,working,96,True,2025-10-16
22,12.96809,77.605689,theft,8,0,good,1,Bengaluru,MG Road,BEN-MG -0022,working,86,True,2025-08-28
23,12.982672,77.611701,robbery,6,3,good,3,Bengaluru,MG Road,BEN-MG -0023,broken,7,False,2025-04-07
24,12.976889,77.595705,assault,11,1,good,4,Bengaluru,MG Road,BEN-MG -0024,working,95,True,2025-02-02
25,12.980364,77.607718,harassment,23,6,dim,5,Bengaluru,MG Road,BEN-MG -0025,working,91,True,2025-08-07
26,12.98674,77.618573,assault,14,3,poor,4,Bengaluru,MG Road,BEN-MG -0026,working,89,True,2025-05-14
27,12.981698,77.613415,eve_teasing,19,3,poor,3,Bengaluru,MG Road,BEN-MG -0027,working,63,True,2025-10-24
28,12.977066,77.613939,harassment,3,3,poor,5,Bengaluru,MG Road,BEN-MG -0028,broken,1,False,2025-09-03
29,12.98634,77.593556,harassment,19,1,dim,4,Bengaluru,MG Road,BEN-MG -0029,off,7,False,2025-10-20
30,12.961992,77.59396,robbery,18,4,dim,4,Bengaluru,MG Road,BEN-MG -0030,working,80,True,2025-04-09
31,12.972674,77.611651,stalking,16,6,good,2,Bengaluru,MG Road,BEN-MG -0031,working,99,True,2025-10-04
32,12.962998,77.597895,stalking,7,2,good,2,Bengaluru,MG Road,BEN-MG -0032,flickering,9,False,2025-03-15
33,12.985812,77.612606,eve_teasing,23,6,poor,4,Bengaluru,MG Road,BEN-MG -0033,working,95,True,2025-05-22
34,12.963908,77.617844,stalking,6,0,good,2,Bengaluru,MG Road,BEN-MG -0034,working,78,True,2025-10-07
35,12.982328,77.597608,robbery,21,4,poor,5,Bengaluru,MG Road,BEN-MG -0035,broken,2,False,2025-11-14
36,12.98568,77.592823,stalking,20,5,good,3,Bengaluru,MG Road,BEN-MG -0036,working,88,True,2025-09-23
37,12.973631,77.59179,harassment,22,5,good,5,Bengaluru,MG Road,BEN-MG -0037,working,83,True,2025-10-18
38,12.965243,77.595323,stalking,14,6,good,2,Bengaluru,MG Road,BEN-MG -0038,working,82,True,2025-04-22
39,12.968286,77.594584,eve_teasing,22,3,good,4,Bengaluru,MG Road,BEN-MG -0039,working,75,True,2025-03-26
40,12.985123,77.617942,harassment,8,2,good,3,Bengaluru,MG Road,BEN-MG -0040,working,75,True,2025-05-06
41,12.987021,77.629043,harassment,21,1,none,5,Bengaluru,Indiranagar,BEN-IND-0041,flickering,9,False,2025-04-08
42,12.96411,77.631594,stalking,11,0,good,2,Bengaluru,Indiranagar,BEN-IND-0042,working,92,True,2025-07-22
43,12.992834,77.641886,harassment,6,2,poor,3,Bengaluru,Indiranagar,BEN-IND-0043,flickering,1,False,2025-02-20
44,12.976437,77.647656,stalking,16,4,poor,2,Bengaluru,Indiranagar,BEN-IND-0044,broken,8,False,2025-01-23
45,12.976482,77.641398,eve_teasing,20,5,dim,3,Bengaluru,Indiranagar,BEN-IND-0045,working,87,True,2025-02-22
46,12.991023,77.644495,robbery,21,5,good,5,Bengaluru,Indiranagar,BEN-IND-0046,working,86,True,2025-06-13
47,12.984316,77.642432,assault,16,3,good,4,Bengaluru,Indiranagar,BEN-IND-0047,off,18,False,2025-05-13
48,12.979838,77.625812,stalking,9,6,dim,2,Bengaluru,Indiranagar,BEN-IND-0048,working,89,True,2025-08-15
49,12.983669,77.641135,robbery,8,0,poor,3,Bengaluru,Indiranagar,BEN-IND-0049,working,99,True,2025-06-03
50,12.987953,77.648334,robbery,12,6,poor,3,Bengaluru,Indiranagar,BEN-IND-0050,working,75,True,2025-08-20
51,12.988892,77.627985,theft,22,4,none,3,Bengaluru,Indiranagar,BEN-IND-0051,working,91,True,2025-07-08
52,12.967827,77.646429,harassment,20,1,none,4,Bengaluru,Indiranagar,BEN-IND-0052,off,14,False,2025-01-18
53,12.970876,77.65125,theft,7,3,good,1,Bengaluru,Indiranagar,BEN-IND-0053,off,10,False,2025-08-20
54,12.98785,77.652561,theft,21,4,poor,3,Bengaluru,Indiranagar,BEN-IND-0054,working,90,True,2025-08-09
55,12.985953,77.650996,stalking,20,4,poor,3,Bengaluru,Indiranagar,BEN-IND-0055,working,88,True,2025-02-23
56,12.971972,77.633951,stalking,22,0,none,4,Bengaluru,Indiranagar,BEN-IND-0056,working,69,True,2025-12-07
57,12.965327,77.638028,eve_teasing,17,0,poor,2,Bengaluru,Indiranagar,BEN-IND-0057,working,97,True,2025-12-01
58,12.989102,77.648768,theft,17,2,poor,1,Bengaluru,Indiranagar,BEN-IND-0058,working,86,True,2025-09-24
59,12.985439,77.649796,assault,17,2,dim,4,Bengaluru,Indiranagar,BEN-IND-0059,working,81,True,2025-11-22
60,12.987344,77.647525,theft,22,4,poor,3,Bengaluru,Indiranagar,BEN-IND-0060,off,18,False,2025-11-01
61,12.917518,77.581058,theft,8,2,dim,1,Bengaluru,Jayanagar,BEN-JAY-0061,working,80,True,2025-06-25
62,12.941389,77.576548,theft,10,0,dim,1,Bengaluru,Jayanagar,BEN-JAY-0062,working,63,True,2025-06-08
63,12.934504,77.591637,robbery,2,0,good,5,Bengaluru,Jayanagar,BEN-JAY-0063,working,61,True,2025-10-05
64,12.922156,77.582407,harassment,18,1,dim,4,Bengaluru,Jayanagar,BEN-JAY-0064,working,83,True,2025-03-20
65,12.933217,77.590638,harassment,20,1,good,4,Bengaluru,Jayanagar,BEN-JAY-0065,working,61,True,2025-05-19
66,12.93532,77.596945,theft,22,1,none,3,Bengaluru,Jayanagar,BEN-JAY-0066,working,100,True,2025-04-04
67,12.935916,77.577247,robbery,19,0,good,4,Bengaluru,Jayanagar,BEN-JAY-0067,working,62,True,2025-06-18
68,12.927851,77.579317,eve_teasing,19,0,good,3,Bengaluru,Jayanagar,BEN-JAY-0068,broken,13,False,2025-06-21
69,12.941747,77.581992,assault,16,5,dim,4,Bengaluru,Jayanagar,BEN-JAY-0069,working,99,True,2025-09-25
70,12.929505,77.581267,robbery,18,2,good,4,Bengaluru,Jayanagar,BEN-JAY-0070,broken,8,False,2025-08-08
71,12.937514,77.585295,robbery,14,0,dim,3,Bengaluru,Jayanagar,BEN-JAY-0071,working,91,True,2025-04-12
72,12.938935,77.57841,eve_teasing,20,2,poor,3,Bengaluru,Jayanagar,BEN-JAY-0072,working,72,True,2025-02-08
73,12.936602,77.582857,assault,20,5,dim,5,Bengaluru,Jayanagar,BEN-JAY-0073,working,61,True,2025-02-10
74,12.921648,77.588954,stalking,19,2,dim,3,Bengaluru,Jayanagar,BEN-JAY-0074,working,87,True,2025-12-18
75,12.924924,77.589286,stalking,12,1,poor,2,Bengaluru,Jayanagar,BEN-JAY-0075,working,67,True,2025-12-18
76,12.943526,77.588905,assault,9,3,poor,4,Bengaluru,Jayanagar,BEN-JAY-0076,working,93,True,2025-10-10
77,12.944415,77.593179,stalking,9,1,dim,2,Bengaluru,Jayanagar,BEN-JAY-0077,working,68,True,2025-05-02
78,12.944229,77.584801,robbery,22,5,dim,5,Bengaluru,Jayanagar,BEN-JAY-0078,working,60,True,2025-10-10
79,12.929082,77.581414,assault,23,2,good,5,Bengaluru,Jayanagar,BEN-JAY-0079,working,64,True,2025-07-16
80,12.917222,77.587083,harassment,7,6,dim,3,Bengaluru,Jayanagar,BEN-JAY-0080,working,75,True,2025-02-18
81,12.977733,77.75319,eve_teasing,9,4,dim,2,Bengaluru,Whitefield,BEN-WHI-0081,flickering,27,False,2025-10-14
82,12.963961,77.753631,eve_teasing,23,0,good,4,Bengaluru,Whitefield,BEN-WHI-0082,working,73,True,2025-05-22
83,12.957236,77.742196,eve_teasing,5,0,poor,4,Bengaluru,Whitefield,BEN-WHI-0083,working,90,True,2025-05-02
84,12.961744,77.756209,robbery,21,0,poor,5,Bengaluru,Whitefield,BEN-WHI-0084,off,18,False,2025-11-26
85,12.98281,77.747754,eve_teasing,9,1,good,2,Bengaluru,Whitefield,BEN-WHI-0085,broken,1,False,2025-03-26
86,12.964028,77.757469,eve_teasing,22,3,none,4,Bengaluru,Whitefield,BEN-WHI-0086,working,85,True,2025-05-17
87,12.970999,77.748133,eve_teasing,2,3,dim,4,Bengaluru,Whitefield,BEN-WHI-0087,working,61,True,2025-02-08
88,12.983657,77.760079,eve_teasing,18,0,good,3,Bengaluru,Whitefield,BEN-WHI-0088,working,77,True,2025-10-02
89,12.977693,77.740256,eve_teasing,19,2,poor,3,Bengaluru,Whitefield,BEN-WHI-0089,working,100,True,2025-08-03
90,12.9689,77.74725,stalking,19,6,poor,3,Bengaluru,Whitefield,BEN-WHI-0090,working,91,True,2025-05-22
91,12.983156,77.759407,eve_teasing,2,0,none,4,Bengaluru,Whitefield,BEN-WHI-0091,working,85,True,2025-09-27
92,12.984444,77.75473,eve_teasing,16,0,poor,2,Bengaluru,Whitefield,BEN-WHI-0092,working,91,True,2025-11-15
93,12.9776,77.741107,eve_teasing,7,2,dim,2,Bengaluru,Whitefield,BEN-WHI-0093,working,67,True,2025-01-21
94,12.973066,77.742179,assault,12,0,dim,4,Bengaluru,Whitefield,BEN-WHI-0094,working,67,True,2025-08-04
95,12.974231,77.739619,robbery,11,5,poor,3,Bengaluru,Whitefield,BEN-WHI-0095,flickering,7,False,2025-08-18
96,12.959139,77.740718,eve_teasing,17,1,good,2,Bengaluru,Whitefield,BEN-WHI-0096,working,86,True,2025-06-26
97,12.970032,77.759616,stalking,20,6,poor,3,Bengaluru,Whitefield,BEN-WHI-0097,flickering,27,False,2025-03-15
98,12.970957,77.745354,eve_teasing,20,3,poor,3,Bengaluru,Whitefield,BEN-WHI-0098,working,72,True,2025-12-08
99,12.971954,77.742007,theft,2,5,poor,3,Bengaluru,Whitefield,BEN-WHI-0099,flickering,12,False,2025-11-26
100,12.979422,77.764425,theft,23,1,poor,3,Bengaluru,Whitefield,BEN-WHI-0100,working,66,True,2025-08-04
101,12.840679,77.675708,robbery,7,6,good,3,Bengaluru,Electronic City,BEN-ELE-0101,working,90,True,2025-05-11
102,12.843598,77.673924,harassment,21,6,poor,5,Bengaluru,Electronic City,BEN-ELE-0102,working,80,True,2025-11-23
103,12.851523,77.676638,eve_teasing,2,0,none,4,Bengaluru,Electronic City,BEN-ELE-0103,working,78,True,2025-04-24
104,12.827611,77.69135,robbery,20,0,poor,4,Bengaluru,Electronic City,BEN-ELE-0104,working,61,True,2025-01-11
105,12.848784,77.670801,stalking,16,1,dim,2,Bengaluru,Electronic City,BEN-ELE-0105,working,71,True,2025-03-06
106,12.827269,77.688125,eve_teasing,19,3,good,3,Bengaluru,Electronic City,BEN-ELE-0106,working,89,True,2025-11-09
107,12.838687,77.682005,theft,22,5,poor,3,Bengaluru,Electronic City,BEN-ELE-0107,working,82,True,2025-10-10
108,12.844068,77.674729,stalking,16,2,poor,2,Bengaluru,Electronic City,BEN-ELE-0108,working,90,True,2025-02-08
109,12.836341,77.672769,stalking,23,2,none,4,Bengaluru,Electronic City,BEN-ELE-0109,flickering,8,False,2025-01-19
110,12.850852,77.685349,harassment,22,5,poor,5,Bengaluru,Electronic City,BEN-ELE-0110,flickering,24,False,2025-04-20
111,12.848958,77.66857,assault,19,5,good,5,Bengaluru,Electronic City,BEN-ELE-0111,working,68,True,2025-11-04
112,12.852002,77.68139,stalking,20,0,poor,3,Bengaluru,Electronic City,BEN-ELE-0112,working,65,True,2025-05-11
113,12.847324,77.667269,assault,20,2,poor,5,Bengaluru,Electronic City,BEN-ELE-0113,broken,8,False,2025-08-26
114,12.833754,77.688112,harassment,17,0,poor,3,Bengaluru,Electronic City,BEN-ELE-0114,off,23,False,2025-11-13
115,12.853918,77.686138,stalking,6,3,none,2,Bengaluru,Electronic City,BEN-ELE-0115,working,89,True,2025-06-22
116,12.84737,77.669865,theft,21,2,none,3,Bengaluru,Electronic City,BEN-ELE-0116,working,61,True,2025-10-18
117,12.83474,77.680302,robbery,4,6,poor,5,Bengaluru,Electronic City,BEN-ELE-0117,working,86,True,2025-02-05
118,12.82626,77.663116,theft,6,1,good,1,Bengaluru,Electronic City,BEN-ELE-0118,working,89,True,2025-06-22
119,12.853381,77.682895,eve_teasing,16,5,good,2,Bengaluru,Electronic City,BEN-ELE-0119,off,3,False,2025-08-20
120,12.837143,77.690546,harassment,20,1,poor,4,Bengaluru,Electronic City,BEN-ELE-0120,flickering,3,False,2025-11-12
121,13.037134,77.611335,stalking,4,2,none,4,Bengaluru,Hebbal,BEN-HEB-0121,working,89,True,2025-02-22
122,13.027163,77.601185,harassment,3,2,none,5,Bengaluru,Hebbal,BEN-HEB-0122,working,96,True,2025-04-03
123,13.045695,77.598626,eve_teasing,9,6,poor,2,Bengaluru,Hebbal,BEN-HEB-0123,working,98,True,2025-01-09
124,13.046552,77.586341,assault,18,6,poor,5,Bengaluru,Hebbal,BEN-HEB-0124,working,61,True,2025-03-01
125,13.031547,77.605653,eve_teasing,12,1,poor,2,Bengaluru,Hebbal,BEN-HEB-0125,working,86,True,2025-09-04
126,13.04317,77.596287,stalking,17,0,dim,2,Bengaluru,Hebbal,BEN-HEB-0126,working,99,True,2025-01-24
127,13.044297,77.608009,eve_teasing,12,5,good,2,Bengaluru,Hebbal,BEN-HEB-0127,working,90,True,2025-07-14
128,13.041383,77.596708,theft,4,0,none,3,Bengaluru,Hebbal,BEN-HEB-0128,working,68,True,2025-05-20
129,13.039792,77.598451,stalking,14,4,dim,2,Bengaluru,Hebbal,BEN-HEB-0129,working,98,True,2025-07-04
130,13.044593,77.585432,robbery,19,6,dim,4,Bengaluru,Hebbal,BEN-HEB-0130,flickering,14,False,2025-04-14
131,13.030968,77.595605,theft,20,2,poor,2,Bengaluru,Hebbal,BEN-HEB-0131,working,83,True,2025-03-22
132,13.04849,77.584014,harassment,6,0,good,3,Bengaluru,Hebbal,BEN-HEB-0132,working,68,True,2025-09-02
133,13.038394,77.598848,stalking,19,3,dim,3,Bengaluru,Hebbal,BEN-HEB-0133,working,87,True,2025-12-02
134,13.049852,77.600012,stalking,6,4,poor,2,Bengaluru,Hebbal,BEN-HEB-0134,working,74,True,2025-02-12
135,13.046161,77.593027,stalking,18,6,dim,3,Bengaluru,Hebbal,BEN-HEB-0135,working,99,True,2025-10-22
136,13.040081,77.582788,robbery,21,2,none,5,Bengaluru,Hebbal,BEN-HEB-0136,working,79,True,2025-06-12
137,13.020983,77.608096,eve_teasing,19,0,poor,3,Bengaluru,Hebbal,BEN-HEB-0137,working,61,True,2025-02-24
138,13.036714,77.593286,theft,13,2,dim,1,Bengaluru,Hebbal,BEN-HEB-0138,working,96,True,2025-10-03
139,13.0473,77.586667,eve_teasing,3,0,none,4,Bengaluru,Hebbal,BEN-HEB-0139,working,91,True,2025-10-15
140,13.033226,77.588467,eve_teasing,6,3,poor,2,Bengaluru,Hebbal,BEN-HEB-0140,working,97,True,2025-08-17
141,12.921614,77.596463,theft,23,0,none,3,Bengaluru,BTM Layout,BEN-BTM-0141,working,73,True,2025-03-25
142,12.909266,77.604944,harassment,17,3,poor,3,Bengaluru,BTM Layout,BEN-BTM-0142,working,74,True,2025-09-18
143,12.926601,77.619286,harassment,15,5,none,3,Bengaluru,BTM Layout,BEN-BTM-0143,working,64,True,2025-06-19
144,12.914479,77.607233,robbery,15,0,dim,3,Bengaluru,BTM Layout,BEN-BTM-0144,broken,25,False,2025-10-15
145,12.926561,77.622693,harassment,16,0,poor,3,Bengaluru,BTM Layout,BEN-BTM-0145,working,93,True,2025-02-13
146,12.927716,77.617474,assault,13,1,none,4,Bengaluru,BTM Layout,BEN-BTM-0146,working,93,True,2025-09-07
147,12.928778,77.605581,robbery,23,5,dim,5,Bengaluru,BTM Layout,BEN-BTM-0147,working,69,True,2025-05-07
148,12.906805,77.599686,robbery,5,6,poor,5,Bengaluru,BTM Layout,BEN-BTM-0148,working,96,True,2025-10-15
149,12.922034,77.621561,robbery,19,4,dim,4,Bengaluru,BTM Layout,BEN-BTM-0149,flickering,4,False,2025-08-03
150,12.915668,77.614042,stalking,18,2,dim,3,Bengaluru,BTM Layout,BEN-BTM-0150,working,88,True,2025-01-02
151,12.912662,77.603712,robbery,21,6,none,5,Bengaluru,BTM Layout,BEN-BTM-0151,working,84,True,2025-08-19
152,12.918229,77.618855,harassment,16,6,dim,3,Bengaluru,BTM Layout,BEN-BTM-0152,working,98,True,2025-08-17
153,12.906126,77.596956,harassment,21,6,none,5,Bengaluru,BTM Layout,BEN-BTM-0153,working,92,True,2025-11-06
154,12.902774,77.616329,theft,18,4,poor,2,Bengaluru,BTM Layout,BEN-BTM-0154,working,78,True,2025-07-14
155,12.924834,77.615467,harassment,20,5,none,4,Bengaluru,BTM Layout,BEN-BTM-0155,working,95,True,2025-11-13
156,12.910124,77.616812,robbery,23,4,dim,5,Bengaluru,BTM Layout,BEN-BTM-0156,working,97,True,2025-11-05
157,12.929102,77.604407,robbery,20,3,none,4,Bengaluru,BTM Layout,BEN-BTM-0157,working,65,True,2025-05-18
158,12.9129,77.61885,assault,19,6,good,5,Bengaluru,BTM Layout,BEN-BTM-0158,off,2,False,2025-11-22
159,12.914302,77.605955,stalking,12,1,dim,2,Bengaluru,BTM Layout,BEN-BTM-0159,working,72,True,2025-04-05
160,12.906248,77.603974,harassment,17,4,good,3,Bengaluru,BTM Layout,BEN-BTM-0160,broken,21,False,2025-06-25
161,12.962641,77.700017,assault,7,6,good,4,Bengaluru,Marathahalli,BEN-MAR-0161,working,70,True,2025-12-15
162,12.945411,77.693029,robbery,9,3,good,3,Bengaluru,Marathahalli,BEN-MAR-0162,working,88,True,2025-04-18
163,12.951275,77.711068,theft,22,1,none,3,Bengaluru,Marathahalli,BEN-MAR-0163,flickering,14,False,2025-05-25
164,12.955556,77.697924,assault,21,6,poor,5,Bengaluru,Marathahalli,BEN-MAR-0164,broken,20,False,2025-08-28
165,12.955236,77.710129,robbery,21,6,none,5,Bengaluru,Marathahalli,BEN-MAR-0165,working,70,True,2025-05-15
166,12.971259,77.68652,theft,6,1,good,1,Bengaluru,Marathahalli,BEN-MAR-0166,broken,13,False,2025-01-13
167,12.95916,77.689173,harassment,14,0,dim,3,Bengaluru,Marathahalli,BEN-MAR-0167,working,81,True,2025-03-05
168,12.945249,77.709622,theft,20,1,dim,2,Bengaluru,Marathahalli,BEN-MAR-0168,working,99,True,2025-01-03
169,12.94467,77.68857,assault,18,5,good,5,Bengaluru,Marathahalli,BEN-MAR-0169,working,78,True,2025-04-10
170,12.947755,77.689253,robbery,21,3,none,5,Bengaluru,Marathahalli,BEN-MAR-0170,flickering,19,False,2025-09-01
171,12.963059,77.699351,robbery,7,3,none,3,Bengaluru,Marathahalli,BEN-MAR-0171,working,96,True,2025-07-06
172,12.964031,77.684668,stalking,4,4,poor,4,Bengaluru,Marathahalli,BEN-MAR-0172,working,92,True,2025-09-01
173,12.955814,77.696204,robbery,14,2,poor,3,Bengaluru,Marathahalli,BEN-MAR-0173,working,64,True,2025-06-08
174,12.966088,77.700948,eve_teasing,20,2,none,3,Bengaluru,Marathahalli,BEN-MAR-0174,working,81,True,2025-11-06
175,12.969012,77.70264,robbery,17,1,good,3,Bengaluru,Marathahalli,BEN-MAR-0175,working,89,True,2025-01-10
176,12.950148,77.705833,harassment,12,2,dim,3,Bengaluru,Marathahalli,BEN-MAR-0176,off,15,False,2025-05-02
177,12.966699,77.687833,stalking,21,0,dim,4,Bengaluru,Marathahalli,BEN-MAR-0177,working,67,True,2025-06-14
178,12.970785,77.704399,theft,13,1,dim,1,Bengaluru,Marathahalli,BEN-MAR-0178,working,93,True,2025-05-26
179,12.946578,77.694835,theft,19,6,poor,2,Bengaluru,Marathahalli,BEN-MAR-0179,working,66,True,2025-02-11
180,12.963928,77.691295,eve_teasing,20,1,poor,3,Bengaluru,Marathahalli,BEN-MAR-0180,working,62,True,2025-12-28
181,12.918648,77.589146,theft,11,6,good,1,Bengaluru,JP Nagar,BEN-JP -0181,working,100,True,2025-07-12
182,12.906693,77.593197,assault,22,1,dim,5,Bengaluru,JP Nagar,BEN-JP -0182,working,88,True,2025-01-05
183,12.893317,77.594055,stalking,14,4,none,2,Bengaluru,JP Nagar,BEN-JP -0183,working,88,True,2025-06-12
184,12.904618,77.573007,assault,18,3,dim,5,Bengaluru,JP Nagar,BEN-JP -0184,working,67,True,2025-01-24
185,12.896881,77.586232,eve_teasing,6,6,poor,2,Bengaluru,JP Nagar,BEN-JP -0185,working,99,True,2025-05-23
186,12.918794,77.585436,harassment,7,0,dim,3,Bengaluru,JP Nagar,BEN-JP -0186,flickering,2,False,2025-11-28
187,12.920897,77.590735,robbery,4,4,none,5,Bengaluru,JP Nagar,BEN-JP -0187,working,70,True,2025-12-23
188,12.91912,77.589831,stalking,17,0,good,2,Bengaluru,JP Nagar,BEN-JP -0188,working,75,True,2025-08-01
189,12.902127,77.587868,theft,21,4,none,3,Bengaluru,JP Nagar,BEN-JP -0189,broken,9,False,2025-07-23
190,12.912866,77.586471,theft,21,0,none,3,Bengaluru,JP Nagar,BEN-JP -0190,working,64,True,2025-08-15
191,12.911703,77.581035,eve_teasing,19,1,good,3,Bengaluru,JP Nagar,BEN-JP -0191,working,92,True,2025-01-27
192,12.895025,77.57529,assault,7,5,poor,4,Bengaluru,JP Nagar,BEN-JP -0192,off,28,False,2025-05-28
193,12.893666,77.576589,eve_teasing,11,5,dim,2,Bengaluru,JP Nagar,BEN-JP -0193,working,92,True,2025-11-06
194,12.909054,77.588119,assault,19,5,good,5,Bengaluru,JP Nagar,BEN-JP -0194,working,96,True,2025-01-27
195,12.917213,77.573137,robbery,20,2,poor,4,Bengaluru,JP Nagar,BEN-JP -0195,working,86,True,2025-10-21
196,12.892209,77.59737,eve_teasing,11,2,dim,2,Bengaluru,JP Nagar,BEN-JP -0196,off,12,False,2025-05-15
197,12.893489,77.572497,theft,15,3,poor,1,Bengaluru,JP Nagar,BEN-JP -0197,working,80,True,2025-12-11
198,12.913326,77.596523,theft,7,2,dim,1,Bengaluru,JP Nagar,BEN-JP -0198,working,75,True,2025-08-04
199,12.899324,77.578138,harassment,3,3,dim,5,Bengaluru,JP Nagar,BEN-JP -0199,working,70,True,2025-06-19
200,12.912934,77.576395,assault,17,4,dim,4,Bengaluru,JP Nagar,BEN-JP -0200,flickering,0,False,2025-02-13
201,28.631663,77.230701,assault,18,0,none,5,Delhi,Connaught Place,DEL-CON-0201,working,90,True,2025-05-18
202,28.616745,77.204925,assault,22,5,none,5,Delhi,Connaught Place,DEL-CON-0202,working,62,True,2025-07-02
203,28.633608,77.20754,eve_teasing,11,3,dim,2,Delhi,Connaught Place,DEL-CON-0203,flickering,26,False,2025-10-22
204,28.634831,77.20556,harassment,15,6,good,4,Delhi,Connaught Place,DEL-CON-0204,working,83,True,2025-03-07
205,28.634574,77.213742,harassment,3,1,dim,5,Delhi,Connaught Place,DEL-CON-0205,off,14,False,2025-03-20
206,28.643294,77.205893,eve_teasing,12,3,good,2,Delhi,Connaught Place,DEL-CON-0206,working,79,True,2025-10-11
207,28.631719,77.216991,theft,20,2,poor,2,Delhi,Connaught Place,DEL-CON-0207,working,81,True,2025-11-04
208,28.645897,77.219211,robbery,21,5,none,5,Delhi,Connaught Place,DEL-CON-0208,working,97,True,2025-10-08
209,28.638142,77.219206,assault,18,5,good,5,Delhi,Connaught Place,DEL-CON-0209,broken,26,False,2025-11-08
210,28.617447,77.230146,harassment,8,3,dim,4,Delhi,Connaught Place,DEL-CON-0210,working,73,True,2025-07-17
211,28.639749,77.229316,robbery,20,5,none,5,Delhi,Connaught Place,DEL-CON-0211,working,80,True,2025-11-16
212,28.632264,77.211113,assault,16,4,dim,5,Delhi,Connaught Place,DEL-CON-0212,working,76,True,2025-10-16
213,28.622268,77.209096,eve_teasing,11,2,good,2,Delhi,Connaught Place,DEL-CON-0213,working,91,True,2025-06-16
214,28.626964,77.229711,robbery,11,0,dim,4,Delhi,Connaught Place,DEL-CON-0214,working,85,True,2025-06-25
215,28.640638,77.210414,stalking,23,0,none,5,Delhi,Connaught Place,DEL-CON-0215,working,76,True,2025-12-16
216,28.62292,77.226539,stalking,22,5,none,5,Delhi,Connaught Place,DEL-CON-0216,working,97,True,2025-04-08
217,28.618023,77.228856,assault,19,0,poor,5,Delhi,Connaught Place,DEL-CON-0217,working,90,True,2025-02-22
218,28.639623,77.201855,eve_teasing,23,1,poor,5,Delhi,Connaught Place,DEL-CON-0218,flickering,15,False,2025-11-07
219,28.639177,77.210317,stalking,19,6,none,4,Delhi,Connaught Place,DEL-CON-0219,working,94,True,2025-12-24
220,28.64201,77.202819,assault,15,6,poor,5,Delhi,Connaught Place,DEL-CON-0220,flickering,25,False,2025-08-06
221,28.664498,77.204564,stalking,21,0,none,5,Delhi,Karol Bagh,DEL-KAR-0221,working,81,True,2025-05-15
222,28.666073,77.191999,theft,22,1,dim,4,Delhi,Karol Bagh,DEL-KAR-0222,working,72,True,2025-02-11
223,28.641275,77.189467,stalking,20,0,dim,4,Delhi,Karol Bagh,DEL-KAR-0223,off,21,False,2025-04-06
224,28.654729,77.194862,theft,21,4,none,4,Delhi,Karol Bagh,DEL-KAR-0224,working,66,True,2025-03-05
225,28.650724,77.203775,harassment,10,1,dim,4,Delhi,Karol Bagh,DEL-KAR-0225,working,81,True,2025-05-19
226,28.658086,77.176043,robbery,14,1,none,4,Delhi,Karol Bagh,DEL-KAR-0226,working,79,True,2025-03-13
227,28.656982,77.203393,robbery,20,5,none,5,Delhi,Karol Bagh,DEL-KAR-0227,flickering,11,False,2025-10-08
228,28.642974,77.179707,assault,16,4,dim,5,Delhi,Karol Bagh,DEL-KAR-0228,working,90,True,2025-09-26
229,28.656323,77.182252,assault,19,4,good,5,Delhi,Karol Bagh,DEL-KAR-0229,working,88,True,2025-09-23
230,28.647254,77.203217,harassment,4,4,good,5,Delhi,Karol Bagh,DEL-KAR-0230,working,94,True,2025-03-06
231,28.646244,77.19131,harassment,19,5,dim,5,Delhi,Karol Bagh,DEL-KAR-0231,working,92,True,2025-08-26
232,28.638069,77.179658,theft,16,0,dim,1,Delhi,Karol Bagh,DEL-KAR-0232,working,79,True,2025-12-01
233,28.648278,77.200194,robbery,9,0,none,4,Delhi,Karol Bagh,DEL-KAR-0233,working,64,True,2025-09-02
234,28.664437,77.177771,theft,2,3,none,4,Delhi,Karol Bagh,DEL-KAR-0234,working,86,True,2025-06-13
235,28.649856,77.203213,theft,14,5,good,1,Delhi,Karol Bagh,DEL-KAR-0235,broken,20,False,2025-06-04
236,28.641754,77.191818,eve_teasing,7,1,good,2,Delhi,Karol Bagh,DEL-KAR-0236,flickering,14,False,2025-11-24
237,28.652733,77.191658,assault,10,2,poor,5,Delhi,Karol Bagh,DEL-KAR-0237,working,67,True,2025-01-26
238,28.656206,77.194148,harassment,10,0,poor,4,Delhi,Karol Bagh,DEL-KAR-0238,working,98,True,2025-11-23
239,28.662566,77.183042,harassment,15,1,dim,4,Delhi,Karol Bagh,DEL-KAR-0239,broken,4,False,2025-09-10
240,28.643425,77.203192,eve_teasing,12,4,good,2,Delhi,Karol Bagh,DEL-KAR-0240,broken,9,False,2025-03-22
241,28.568338,77.240807,stalking,4,4,dim,5,Delhi,Lajpat Nagar,DEL-LAJ-0241,off,21,False,2025-07-18
242,28.567569,77.257569,robbery,19,6,dim,5,Delhi,Lajpat Nagar,DEL-LAJ-0242,working,86,True,2025-03-10
243,28.563994,77.251032,theft,10,1,dim,1,Delhi,Lajpat Nagar,DEL-LAJ-0243,working,89,True,2025-01-18
244,28.56508,77.240895,eve_teasing,7,1,poor,2,Delhi,Lajpat Nagar,DEL-LAJ-0244,working,65,True,2025-08-28
245,28.563832,77.244469,assault,3,3,poor,5,Delhi,Lajpat Nagar,DEL-LAJ-0245,working,64,True,2025-04-26
246,28.575551,77.250129,eve_teasing,9,1,good,2,Delhi,Lajpat Nagar,DEL-LAJ-0246,working,60,True,2025-04-07
247,28.581562,77.231919,theft,22,5,poor,4,Delhi,Lajpat Nagar,DEL-LAJ-0247,working,75,True,2025-09-11
248,28.575965,77.23982,eve_teasing,19,2,poor,4,Delhi,Lajpat Nagar,DEL-LAJ-0248,working,91,True,2025-08-04
249,28.576784,77.250072,stalking,22,2,none,5,Delhi,Lajpat Nagar,DEL-LAJ-0249,working,74,True,2025-12-05
250,28.553187,77.244999,eve_teasing,18,3,poor,4,Delhi,Lajpat Nagar,DEL-LAJ-0250,working,74,True,2025-07-19
251,28.577701,77.243379,robbery,22,2,none,5,Delhi,Lajpat Nagar,DEL-LAJ-0251,off,20,False,2025-12-16
252,28.566525,77.250383,stalking,8,5,dim,2,Delhi,Lajpat Nagar,DEL-LAJ-0252,working,94,True,2025-11-02
253,28.568418,77.253572,harassment,22,5,none,5,Delhi,Lajpat Nagar,DEL-LAJ-0253,working,68,True,2025-11-08
254,28.554739,77.232931,assault,17,2,none,5,Delhi,Lajpat Nagar,DEL-LAJ-0254,working,99,True,2025-08-22
255,28.567336,77.228598,eve_teasing,15,0,dim,2,Delhi,Lajpat Nagar,DEL-LAJ-0255,working,78,True,2025-01-17
256,28.577095,77.248621,assault,6,0,dim,5,Delhi,Lajpat Nagar,DEL-LAJ-0256,working,99,True,2025-09-09
257,28.577156,77.23642,theft,5,3,poor,4,Delhi,Lajpat Nagar,DEL-LAJ-0257,working,74,True,2025-05-22
258,28.577542,77.230819,robbery,20,0,poor,5,Delhi,Lajpat Nagar,DEL-LAJ-0258,working,90,True,2025-01-21
259,28.552984,77.233542,theft,21,5,dim,4,Delhi,Lajpat Nagar,DEL-LAJ-0259,working,66,True,2025-09-02
260,28.559593,77.255438,robbery,22,3,none,5,Delhi,Lajpat Nagar,DEL-LAJ-0260,off,29,False,2025-05-18
261,28.526305,77.194987,stalking,1,1,poor,5,Delhi,Saket,DEL-SAK-0261,off,26,False,2025-07-03
262,28.518378,77.210919,eve_teasing,21,3,poor,5,Delhi,Saket,DEL-SAK-0262,working,84,True,2025-12-05
263,28.533115,77.214679,harassment,17,2,none,4,Delhi,Saket,DEL-SAK-0263,working,64,True,2025-06-20
264,28.53247,77.222646,theft,23,2,none,4,Delhi,Saket,DEL-SAK-0264,working,88,True,2025-08-08
265,28.520074,77.222234,theft,8,4,good,1,Delhi,Saket,DEL-SAK-0265,working,99,True,2025-05-26
266,28.516793,77.196205,stalking,7,5,good,2,Delhi,Saket,DEL-SAK-0266,working,84,True,2025-06-12
267,28.512597,77.194156,stalking,16,6,poor,2,Delhi,Saket,DEL-SAK-0267,working,71,True,2025-07-15
268,28.52611,77.209373,harassment,1,2,poor,5,Delhi,Saket,DEL-SAK-0268,working,80,True,2025-07-01
269,28.518155,77.205634,harassment,20,4,good,5,Delhi,Saket,DEL-SAK-0269,off,16,False,2025-03-22
270,28.520822,77.198165,stalking,10,1,none,2,Delhi,Saket,DEL-SAK-0270,working,86,True,2025-05-16
271,28.53288,77.204834,assault,20,3,poor,5,Delhi,Saket,DEL-SAK-0271,working,66,True,2025-03-10
272,28.509603,77.205871,eve_teasing,14,6,dim,2,Delhi,Saket,DEL-SAK-0272,working,98,True,2025-03-10
273,28.51902,77.222418,assault,17,1,good,5,Delhi,Saket,DEL-SAK-0273,flickering,23,False,2025-12-21
274,28.52413,77.211276,assault,12,2,good,5,Delhi,Saket,DEL-SAK-0274,working,67,True,2025-10-07
275,28.527167,77.210369,robbery,20,0,good,5,Delhi,Saket,DEL-SAK-0275,working,73,True,2025-08-26
276,28.51814,77.214785,theft,19,1,good,2,Delhi,Saket,DEL-SAK-0276,working,69,True,2025-12-14
277,28.533072,77.196219,eve_teasing,17,3,dim,2,Delhi,Saket,DEL-SAK-0277,off,13,False,2025-09-02
278,28.533122,77.204786,eve_teasing,18,0,poor,4,Delhi,Saket,DEL-SAK-0278,working,82,True,2025-03-21
279,28.52778,77.210897,robbery,19,3,good,5,Delhi,Saket,DEL-SAK-0279,working,87,True,2025-02-01
280,28.512358,77.20066,robbery,17,4,good,4,Delhi,Saket,DEL-SAK-0280,working,83,True,2025-07-15
281,28.71227,77.105158,eve_teasing,7,0,dim,2,Delhi,Rohini,DEL-ROH-0281,working,65,True,2025-02-27
282,28.71732,77.09175,stalking,13,6,poor,2,Delhi,Rohini,DEL-ROH-0282,working,90,True,2025-02-15
283,28.71076,77.101073,harassment,12,6,good,4,Delhi,Rohini,DEL-ROH-0283,working,81,True,2025-11-04
284,28.709414,77.092431,robbery,10,1,dim,4,Delhi,Rohini,DEL-ROH-0284,working,87,True,2025-08-08
285,28.713033,77.106393,assault,19,3,dim,5,Delhi,Rohini,DEL-ROH-0285,working,72,True,2025-08-19
286,28.701987,77.087634,assault,8,6,good,5,Delhi,Rohini,DEL-ROH-0286,off,3,False,2025-09-06
287,28.700074,77.093412,harassment,10,6,dim,4,Delhi,Rohini,DEL-ROH-0287,flickering,19,False,2025-07-20
288,28.700876,77.090927,stalking,21,4,none,5,Delhi,Rohini,DEL-ROH-0288,working,79,True,2025-10-19
289,28.691643,77.091518,harassment,9,0,poor,4,Delhi,Rohini,DEL-ROH-0289,working,92,True,2025-07-14
290,28.706993,77.104744,theft,8,5,dim,1,Delhi,Rohini,DEL-ROH-0290,broken,17,False,2025-03-16
291,28.697765,77.093113,theft,19,6,dim,2,Delhi,Rohini,DEL-ROH-0291,working,68,True,2025-04-27
292,28.700618,77.104347,robbery,17,5,dim,4,Delhi,Rohini,DEL-ROH-0292,working,88,True,2025-08-06
293,28.69158,77.088426,assault,11,2,poor,5,Delhi,Rohini,DEL-ROH-0293,working,89,True,2025-10-24
294,28.712276,77.102359,eve_teasing,6,0,poor,2,Delhi,Rohini,DEL-ROH-0294,working,83,True,2025-09-27
295,28.711804,77.1103,theft,18,3,poor,2,Delhi,Rohini,DEL-ROH-0295,broken,9,False,2025-01-15
296,28.696984,77.113366,harassment,16,0,good,4,Delhi,Rohini,DEL-ROH-0296,working,97,True,2025-12-12
297,28.714931,77.105808,theft,8,1,good,1,Delhi,Rohini,DEL-ROH-0297,broken,18,False,2025-06-18
298,28.697533,77.103663,stalking,23,2,none,5,Delhi,Rohini,DEL-ROH-0298,working,92,True,2025-11-27
299,28.691957,77.116383,theft,22,2,dim,4,Delhi,Rohini,DEL-ROH-0299,working,68,True,2025-04-05
300,28.710442,77.112354,robbery,15,1,dim,4,Delhi,Rohini,DEL-ROH-0300,working,86,True,2025-07-15
301,28.579365,77.054838,harassment,15,5,poor,4,Delhi,Dwarka,DEL-DWA-0301,flickering,14,False,2025-08-11
302,28.594559,77.057067,robbery,6,3,good,4,Delhi,Dwarka,DEL-DWA-0302,working,64,True,2025-09-13
303,28.583635,77.043889,assault,17,2,good,5,Delhi,Dwarka,DEL-DWA-0303,working,96,True,2025-03-19
304,28.602673,77.054649,robbery,20,0,none,5,Delhi,Dwarka,DEL-DWA-0304,flickering,0,False,2025-02-28
305,28.58184,77.044696,theft,8,5,good,1,Delhi,Dwarka,DEL-DWA-0305,flickering,5,False,2025-05-03
306,28.596738,77.038512,stalking,19,5,poor,4,Delhi,Dwarka,DEL-DWA-0306,working,79,True,2025-12-23
307,28.599757,77.043877,harassment,20,0,none,5,Delhi,Dwarka,DEL-DWA-0307,working,97,True,2025-04-17
308,28.597499,77.031279,robbery,13,0,good,4,Delhi,Dwarka,DEL-DWA-0308,working,68,True,2025-08-03
309,28.583968,77.03368,harassment,6,2,good,4,Delhi,Dwarka,DEL-DWA-0309,working,68,True,2025-11-22
310,28.581386,77.046915,harassment,19,1,dim,5,Delhi,Dwarka,DEL-DWA-0310,working,100,True,2025-12-05
311,28.604697,77.049482,theft,21,0,dim,4,Delhi,Dwarka,DEL-DWA-0311,working,67,True,2025-10-24
312,28.588621,77.059897,stalking,21,1,none,5,Delhi,Dwarka,DEL-DWA-0312,working,95,True,2025-10-20
313,28.598735,77.039548,robbery,1,6,poor,5,Delhi,Dwarka,DEL-DWA-0313,working,93,True,2025-10-17
314,28.582759,77.042753,robbery,3,6,good,5,Delhi,Dwarka,DEL-DWA-0314,working,67,True,2025-04-16
315,28.596242,77.03313,harassment,23,2,none,5,Delhi,Dwarka,DEL-DWA-0315,off,13,False,2025-06-18
316,28.597588,77.053882,harassment,1,0,none,5,Delhi,Dwarka,DEL-DWA-0316,working,63,True,2025-07-17
317,28.585695,77.052379,theft,16,3,none,1,Delhi,Dwarka,DEL-DWA-0317,working,99,True,2025-03-09
318,28.579608,77.033371,assault,23,1,poor,5,Delhi,Dwarka,DEL-DWA-0318,working,100,True,2025-11-22
319,28.596395,77.040305,theft,20,6,none,2,Delhi,Dwarka,DEL-DWA-0319,working,87,True,2025-02-15
320,28.595469,77.032651,robbery,20,5,none,5,Delhi,Dwarka,DEL-DWA-0320,working,68,True,2025-12-01
321,28.611815,77.10139,eve_teasing,17,6,good,2,Delhi,Janakpuri,DEL-JAN-0321,working,68,True,2025-12-25
322,28.633104,77.094788,harassment,20,0,none,5,Delhi,Janakpuri,DEL-JAN-0322,working,93,True,2025-02-09
323,28.62827,77.0901,harassment,17,4,dim,4,Delhi,Janakpuri,DEL-JAN-0323,working,96,True,2025-03-12
324,28.611619,77.096,eve_teasing,19,0,poor,4,Delhi,Janakpuri,DEL-JAN-0324,working,62,True,2025-01-08
325,28.608279,77.083719,assault,8,6,none,5,Delhi,Janakpuri,DEL-JAN-0325,off,23,False,2025-11-14
326,28.613635,77.080248,robbery,12,6,none,4,Delhi,Janakpuri,DEL-JAN-0326,working,92,True,2025-11-02
327,28.61228,77.09693,harassment,22,0,dim,5,Delhi,Janakpuri,DEL-JAN-0327,flickering,10,False,2025-02-18
328,28.620602,77.083868,stalking,18,2,good,4,Delhi,Janakpuri,DEL-JAN-0328,working,83,True,2025-10-16
329,28.636834,77.096077,robbery,22,6,dim,5,Delhi,Janakpuri,DEL-JAN-0329,working,86,True,2025-01-08
330,28.623146,77.091878,robbery,21,2,none,5,Delhi,Janakpuri,DEL-JAN-0330,working,79,True,2025-02-07
331,28.622794,77.079945,theft,23,1,dim,4,Delhi,Janakpuri,DEL-JAN-0331,working,74,True,2025-09-14
332,28.627925,77.083975,robbery,5,0,poor,5,Delhi,Janakpuri,DEL-JAN-0332,working,85,True,2025-02-19
333,28.623935,77.085849,assault,9,2,good,5,Delhi,Janakpuri,DEL-JAN-0333,flickering,22,False,2025-12-11
334,28.616442,77.080959,harassment,22,1,dim,5,Delhi,Janakpuri,DEL-JAN-0334,working,69,True,2025-02-06
335,28.620387,77.082221,harassment,18,6,poor,5,Delhi,Janakpuri,DEL-JAN-0335,working,76,True,2025-02-03
336,28.611628,77.093382,robbery,20,0,none,5,Delhi,Janakpuri,DEL-JAN-0336,broken,2,False,2025-12-08
337,28.635952,77.084687,harassment,19,2,good,5,Delhi,Janakpuri,DEL-JAN-0337,working,85,True,2025-08-18
338,28.629342,77.080296,theft,6,6,poor,1,Delhi,Janakpuri,DEL-JAN-0338,working,74,True,2025-03-07
339,28.63161,77.083967,robbery,22,0,poor,5,Delhi,Janakpuri,DEL-JAN-0339,working,64,True,2025-01-03
340,28.612833,77.09218,assault,6,6,good,5,Delhi,Janakpuri,DEL-JAN-0340,working,62,True,2025-08-02
341,28.53914,77.254117,robbery,15,0,dim,4,Delhi,Nehru Place,DEL-NEH-0341,working,82,True,2025-04-06
342,28.542349,77.25028,assault,2,4,poor,5,Delhi,Nehru Place,DEL-NEH-0342,working,91,True,2025-07-18
343,28.548471,77.239532,theft,7,1,good,1,Delhi,Nehru Place,DEL-NEH-0343,broken,20,False,2025-09-26
344,28.534686,77.248375,robbery,14,4,good,4,Delhi,Nehru Place,DEL-NEH-0344,working,96,True,2025-09-11
345,28.545751,77.242294,stalking,19,0,good,4,Delhi,Nehru Place,DEL-NEH-0345,broken,25,False,2025-08-17
346,28.544823,77.25442,assault,23,0,none,5,Delhi,Nehru Place,DEL-NEH-0346,working,94,True,2025-12-02
347,28.557021,77.265334,eve_teasing,21,6,none,5,Delhi,Nehru Place,DEL-NEH-0347,broken,5,False,2025-04-19
348,28.54364,77.259043,stalking,22,0,dim,5,Delhi,Nehru Place,DEL-NEH-0348,working,96,True,2025-10-05
349,28.550993,77.242547,theft,18,1,dim,2,Delhi,Nehru Place,DEL-NEH-0349,working,74,True,2025-10-08
350,28.534698,77.25124,stalking,22,1,dim,5,Delhi,Nehru Place,DEL-NEH-0350,working,71,True,2025-06-02
351,28.534757,77.254498,assault,20,6,poor,5,Delhi,Nehru Place,DEL-NEH-0351,working,64,True,2025-06-23
352,28.562358,77.248768,harassment,13,2,poor,4,Delhi,Nehru Place,DEL-NEH-0352,working,87,True,2025-11-16
353,28.553575,77.242126,eve_teasing,20,4,dim,4,Delhi,Nehru Place,DEL-NEH-0353,working,97,True,2025-03-13
354,28.543305,77.257555,assault,8,0,good,5,Delhi,Nehru Place,DEL-NEH-0354,flickering,27,False,2025-10-02
355,28.539562,77.246447,eve_teasing,9,4,poor,2,Delhi,Nehru Place,DEL-NEH-0355,working,81,True,2025-12-03
356,28.54124,77.266371,assault,19,0,good,5,Delhi,Nehru Place,DEL-NEH-0356,working,81,True,2025-08-01
357,28.542056,77.244386,harassment,13,6,poor,4,Delhi,Nehru Place,DEL-NEH-0357,working,84,True,2025-08-24
358,28.54669,77.24189,theft,17,3,dim,1,Delhi,Nehru Place,DEL-NEH-0358,working,90,True,2025-10-21
359,28.556847,77.243667,theft,4,6,none,4,Delhi,Nehru Place,DEL-NEH-0359,working,76,True,2025-02-03
360,28.544354,77.263538,assault,20,4,good,5,Delhi,Nehru Place,DEL-NEH-0360,flickering,19,False,2025-10-16
361,28.656635,77.22824,robbery,8,3,poor,4,Delhi,Chandni Chowk,DEL-CHA-0361,working,73,True,2025-04-14
362,28.656416,77.236961,robbery,18,5,poor,5,Delhi,Chandni Chowk,DEL-CHA-0362,working,63,True,2025-07-19
363,28.65199,77.230028,harassment,14,3,none,4,Delhi,Chandni Chowk,DEL-CHA-0363,off,19,False,2025-08-07
364,28.63841,77.221509,robbery,11,0,dim,4,Delhi,Chandni Chowk,DEL-CHA-0364,working,85,True,2025-08-16
365,28.662346,77.22325,robbery,18,1,dim,5,Delhi,Chandni Chowk,DEL-CHA-0365,working,71,True,2025-08-02
366,28.643399,77.229252,assault,21,4,none,5,Delhi,Chandni Chowk,DEL-CHA-0366,off,3,False,2025-02-22
367,28.645814,77.231543,eve_teasing,9,0,good,2,Delhi,Chandni Chowk,DEL-CHA-0367,flickering,30,False,2025-09-22
368,28.661507,77.229545,assault,17,0,dim,5,Delhi,Chandni Chowk,DEL-CHA-0368,broken,16,False,2025-10-17
369,28.659514,77.235626,eve_teasing,7,6,dim,2,Delhi,Chandni Chowk,DEL-CHA-0369,broken,6,False,2025-04-05
370,28.63678,77.217651,robbery,16,6,good,4,Delhi,Chandni Chowk,DEL-CHA-0370,flickering,10,False,2025-12-26
371,28.63751,77.226943,theft,18,6,poor,2,Delhi,Chandni Chowk,DEL-CHA-0371,working,60,True,2025-12-20
372,28.653127,77.238751,harassment,15,1,dim,4,Delhi,Chandni Chowk,DEL-CHA-0372,working,66,True,2025-02-19
373,28.658886,77.238872,eve_teasing,21,3,none,5,Delhi,Chandni Chowk,DEL-CHA-0373,working,96,True,2025-10-16
374,28.636624,77.223562,assault,19,5,good,5,Delhi,Chandni Chowk,DEL-CHA-0374,working,81,True,2025-12-08
375,28.636979,77.229557,stalking,22,0,none,5,Delhi,Chandni Chowk,DEL-CHA-0375,flickering,8,False,2025-08-28
376,28.656385,77.218247,assault,7,5,dim,5,Delhi,Chandni Chowk,DEL-CHA-0376,flickering,23,False,2025-07-20
377,28.654867,77.220938,assault,22,3,dim,5,Delhi,Chandni Chowk,DEL-CHA-0377,flickering,26,False,2025-01-17
378,28.659245,77.217269,robbery,17,1,good,4,Delhi,Chandni Chowk,DEL-CHA-0378,working,96,True,2025-01-06
379,28.641283,77.240288,harassment,10,3,none,4,Delhi,Chandni Chowk,DEL-CHA-0379,working,72,True,2025-05-12
380,28.660205,77.230454,robbery,22,5,none,5,Delhi,Chandni Chowk,DEL-CHA-0380,working,98,True,2025-08-06
381,28.533816,77.157237,eve_teasing,13,1,good,2,Delhi,Vasant Kunj,DEL-VAS-0381,working,65,True,2025-05-01
382,28.516597,77.147887,eve_teasing,20,1,dim,4,Delhi,Vasant Kunj,DEL-VAS-0382,working,73,True,2025-05-21
383,28.517285,77.143602,robbery,0,1,poor,5,Delhi,Vasant Kunj,DEL-VAS-0383,working,60,True,2025-04-09
384,28.52325,77.17129,robbery,23,5,none,5,Delhi,Vasant Kunj,DEL-VAS-0384,flickering,14,False,2025-05-07
385,28.519001,77.163316,eve_teasing,15,0,none,2,Delhi,Vasant Kunj,DEL-VAS-0385,flickering,17,False,2025-11-20
386,28.523272,77.151954,harassment,17,2,good,4,Delhi,Vasant Kunj,DEL-VAS-0386,working,77,True,2025-05-21
387,28.526333,77.169771,stalking,8,4,good,2,Delhi,Vasant Kunj,DEL-VAS-0387,off,12,False,2025-11-11
388,28.525423,77.164638,robbery,17,2,poor,4,Delhi,Vasant Kunj,DEL-VAS-0388,working,84,True,2025-12-02
389,28.522491,77.172843,assault,13,5,poor,5,Delhi,Vasant Kunj,DEL-VAS-0389,working,90,True,2025-11-12
390,28.520219,77.168363,robbery,21,1,none,5,Delhi,Vasant Kunj,DEL-VAS-0390,working,76,True,2025-12-26
391,28.521771,77.170379,robbery,22,5,none,5,Delhi,Vasant Kunj,DEL-VAS-0391,working,79,True,2025-07-26
392,28.531605,77.15415,eve_teasing,11,6,poor,2,Delhi,Vasant Kunj,DEL-VAS-0392,working,100,True,2025-10-19
393,28.533329,77.145136,assault,17,6,good,5,Delhi,Vasant Kunj,DEL-VAS-0393,working,86,True,2025-01-28
394,28.530627,77.147121,assault,13,4,good,5,Delhi,Vasant Kunj,DEL-VAS-0394,broken,10,False,2025-12-06
395,28.528368,77.157627,robbery,23,2,poor,5,Delhi,Vasant Kunj,DEL-VAS-0395,working,77,True,2025-04-25
396,28.528206,77.160288,assault,17,6,good,5,Delhi,Vasant Kunj,DEL-VAS-0396,working,87,True,2025-11-14
397,28.517102,77.17196,theft,0,4,none,4,Delhi,Vasant Kunj,DEL-VAS-0397,working,60,True,2025-06-25
398,28.529997,77.148717,robbery,0,5,none,5,Delhi,Vasant Kunj,DEL-VAS-0398,working,82,True,2025-05-05
399,28.508081,77.1581,stalking,8,6,none,2,Delhi,Vasant Kunj,DEL-VAS-0399,flickering,23,False,2025-09-20
400,28.520724,77.15601,robbery,23,2,good,5,Delhi,Vasant Kunj,DEL-VAS-0400,working,72,True,2025-03-26
401,12.302302,76.646953,robbery,23,1,dim,4,Mysore,Mysore Palace,MYS-MYS-0401,working,70,True,2025-02-12
402,12.311533,76.663864,theft,21,2,dim,2,Mysore,Mysore Palace,MYS-MYS-0402,working,98,True,2025-01-22
403,12.293443,76.665184,harassment,20,3,poor,3,Mysore,Mysore Palace,MYS-MYS-0403,working,76,True,2025-08-23
404,12.294794,76.660956,robbery,0,3,poor,4,Mysore,Mysore Palace,MYS-MYS-0404,working,77,True,2025-10-20
405,12.311222,76.652665,harassment,17,4,poor,2,Mysore,Mysore Palace,MYS-MYS-0405,working,66,True,2025-08-07
406,12.30847,76.663439,eve_teasing,23,2,dim,3,Mysore,Mysore Palace,MYS-MYS-0406,working,62,True,2025-09-16
407,12.317511,76.660746,theft,13,0,none,1,Mysore,Mysore Palace,MYS-MYS-0407,working,67,True,2025-10-22
408,12.305023,76.668583,eve_teasing,5,5,none,3,Mysore,Mysore Palace,MYS-MYS-0408,working,74,True,2025-08-10
409,12.298124,76.641602,assault,21,6,none,4,Mysore,Mysore Palace,MYS-MYS-0409,working,80,True,2025-07-24
410,12.293677,76.665637,harassment,0,1,poor,4,Mysore,Mysore Palace,MYS-MYS-0410,working,82,True,2025-08-20
411,12.298249,76.662092,stalking,21,1,none,3,Mysore,Mysore Palace,MYS-MYS-0411,working,89,True,2025-05-27
412,12.301771,76.66562,theft,19,6,poor,2,Mysore,Mysore Palace,MYS-MYS-0412,working,63,True,2025-03-04
413,12.302681,76.657823,eve_teasing,19,1,good,2,Mysore,Mysore Palace,MYS-MYS-0413,working,99,True,2025-01-28
414,12.310734,76.665256,assault,17,3,poor,3,Mysore,Mysore Palace,MYS-MYS-0414,working,62,True,2025-02-09
415,12.309849,76.640471,robbery,18,5,dim,3,Mysore,Mysore Palace,MYS-MYS-0415,working,81,True,2025-09-17
416,12.310847,76.658647,theft,19,1,dim,2,Mysore,Mysore Palace,MYS-MYS-0416,working,84,True,2025-03-27
417,12.314993,76.666862,eve_teasing,3,5,good,3,Mysore,Mysore Palace,MYS-MYS-0417,working,90,True,2025-08-28
418,12.295162,76.662643,stalking,10,2,none,2,Mysore,Mysore Palace,MYS-MYS-0418,working,84,True,2025-07-27
419,12.29725,76.653873,eve_teasing,16,6,dim,2,Mysore,Mysore Palace,MYS-MYS-0419,working,91,True,2025-12-21
420,12.290733,76.652203,harassment,18,0,good,3,Mysore,Mysore Palace,MYS-MYS-0420,working,99,True,2025-11-10
421,12.327303,76.61457,robbery,19,2,dim,3,Mysore,Vijayanagar,MYS-VIJ-0421,working,74,True,2025-08-11
422,12.317405,76.616293,theft,20,2,dim,2,Mysore,Vijayanagar,MYS-VIJ-0422,working,74,True,2025-01-11
423,12.311254,76.61671,stalking,18,2,good,2,Mysore,Vijayanagar,MYS-VIJ-0423,working,70,True,2025-08-05
424,12.325255,76.619975,theft,6,4,poor,1,Mysore,Vijayanagar,MYS-VIJ-0424,working,85,True,2025-04-15
425,12.325337,76.603417,stalking,6,3,none,2,Mysore,Vijayanagar,MYS-VIJ-0425,working,97,True,2025-02-25
426,12.327353,76.611422,eve_teasing,23,1,good,3,Mysore,Vijayanagar,MYS-VIJ-0426,working,63,True,2025-09-14
427,12.325764,76.612188,eve_teasing,20,1,poor,2,Mysore,Vijayanagar,MYS-VIJ-0427,working,68,True,2025-02-13
428,12.320326,76.615885,stalking,17,3,dim,2,Mysore,Vijayanagar,MYS-VIJ-0428,working,75,True,2025-05-13
429,12.329508,76.626815,theft,21,1,poor,2,Mysore,Vijayanagar,MYS-VIJ-0429,working,92,True,2025-05-27
430,12.321645,76.623521,robbery,20,4,poor,3,Mysore,Vijayanagar,MYS-VIJ-0430,working,99,True,2025-12-10
431,12.321198,76.625336,assault,23,5,good,4,Mysore,Vijayanagar,MYS-VIJ-0431,working,94,True,2025-12-21
432,12.310271,76.601162,stalking,18,4,dim,2,Mysore,Vijayanagar,MYS-VIJ-0432,working,86,True,2025-11-24
433,12.327416,76.613717,theft,21,4,none,2,Mysore,Vijayanagar,MYS-VIJ-0433,working,63,True,2025-11-02
434,12.306597,76.620206,assault,23,5,none,4,Mysore,Vijayanagar,MYS-VIJ-0434,working,78,True,2025-04-25
435,12.316835,76.60846,theft,6,6,good,1,Mysore,Vijayanagar,MYS-VIJ-0435,working,74,True,2025-12-21
436,12.317438,76.604828,robbery,11,5,none,2,Mysore,Vijayanagar,MYS-VIJ-0436,working,86,True,2025-11-11
437,12.329575,76.599314,robbery,10,4,good,2,Mysore,Vijayanagar,MYS-VIJ-0437,flickering,26,False,2025-04-21
438,12.321739,76.617129,eve_teasing,18,4,poor,2,Mysore,Vijayanagar,MYS-VIJ-0438,working,72,True,2025-05-15
439,12.305923,76.61818,assault,23,5,poor,4,Mysore,Vijayanagar,MYS-VIJ-0439,working,87,True,2025-05-18
440,12.308527,76.602528,stalking,0,3,dim,3,Mysore,Vijayanagar,MYS-VIJ-0440,working,69,True,2025-06-20
441,12.282326,76.652371,eve_teasing,21,2,poor,3,Mysore,Kuvempunagar,MYS-KUV-0441,working,82,True,2025-02-26
442,12.30203,76.640162,assault,17,6,dim,3,Mysore,Kuvempunagar,MYS-KUV-0442,working,94,True,2025-07-03
443,12.291282,76.650902,robbery,13,2,poor,2,Mysore,Kuvempunagar,MYS-KUV-0443,off,16,False,2025-08-18
444,12.305511,76.653834,harassment,6,2,dim,2,Mysore,Kuvempunagar,MYS-KUV-0444,off,29,False,2025-10-08
445,12.309567,76.644877,stalking,14,6,good,2,Mysore,Kuvempunagar,MYS-KUV-0445,working,94,True,2025-12-10
446,12.281541,76.639906,stalking,17,4,dim,2,Mysore,Kuvempunagar,MYS-KUV-0446,working,72,True,2025-06-17
447,12.28327,76.627279,eve_teasing,18,5,none,2,Mysore,Kuvempunagar,MYS-KUV-0447,working,73,True,2025-11-14
448,12.30587,76.630567,robbery,21,5,dim,4,Mysore,Kuvempunagar,MYS-KUV-0448,working,64,True,2025-12-22
449,12.285413,76.638177,stalking,2,0,none,3,Mysore,Kuvempunagar,MYS-KUV-0449,working,95,True,2025-02-19
450,12.305449,76.65173,theft,14,5,dim,1,Mysore,Kuvempunagar,MYS-KUV-0450,working,84,True,2025-11-04
451,12.296845,76.643643,eve_teasing,4,5,poor,3,Mysore,Kuvempunagar,MYS-KUV-0451,working,64,True,2025-06-17
452,12.283984,76.648007,stalking,19,2,good,2,Mysore,Kuvempunagar,MYS-KUV-0452,working,85,True,2025-11-01
453,12.29502,76.640404,assault,20,6,dim,4,Mysore,Kuvempunagar,MYS-KUV-0453,working,100,True,2025-03-10
454,12.301119,76.651825,robbery,19,0,dim,3,Mysore,Kuvempunagar,MYS-KUV-0454,working,67,True,2025-01-01
455,12.297982,76.636222,eve_teasing,22,2,none,3,Mysore,Kuvempunagar,MYS-KUV-0455,working,82,True,2025-04-14
456,12.307969,76.649944,assault,7,1,good,3,Mysore,Kuvempunagar,MYS-KUV-0456,working,67,True,2025-03-22
457,12.30479,76.649968,eve_teasing,16,4,none,2,Mysore,Kuvempunagar,MYS-KUV-0457,working,76,True,2025-02-07
458,12.302568,76.639016,stalking,13,5,good,2,Mysore,Kuvempunagar,MYS-KUV-0458,working,99,True,2025-02-07
459,12.290334,76.637919,eve_teasing,19,5,dim,2,Mysore,Kuvempunagar,MYS-KUV-0459,working,83,True,2025-06-14
460,12.285859,76.633796,assault,20,5,poor,4,Mysore,Kuvempunagar,MYS-KUV-0460,working,68,True,2025-11-24
461,12.338247,76.638899,theft,14,2,dim,1,Mysore,Gokulam,MYS-GOK-0461,working,98,True,2025-02-27
462,12.336718,76.649293,eve_teasing,8,5,good,2,Mysore,Gokulam,MYS-GOK-0462,working,64,True,2025-01-28
463,12.343515,76.625436,eve_teasing,18,6,dim,2,Mysore,Gokulam,MYS-GOK-0463,off,8,False,2025-09-18
464,12.342463,76.647756,stalking,15,6,dim,2,Mysore,Gokulam,MYS-GOK-0464,broken,14,False,2025-09-17
465,12.331017,76.635416,harassment,19,6,good,3,Mysore,Gokulam,MYS-GOK-0465,off,5,False,2025-09-05
466,12.341687,76.629874,eve_teasing,19,1,good,2,Mysore,Gokulam,MYS-GOK-0466,working,82,True,2025-01-08
467,12.351144,76.631452,stalking,14,0,good,2,Mysore,Gokulam,MYS-GOK-0467,working,83,True,2025-07-16
468,12.355837,76.650947,harassment,23,2,none,4,Mysore,Gokulam,MYS-GOK-0468,off,26,False,2025-05-27
469,12.350557,76.641859,eve_teasing,8,5,dim,2,Mysore,Gokulam,MYS-GOK-0469,working,64,True,2025-09-09
470,12.33959,76.651717,eve_teasing,15,6,good,2,Mysore,Gokulam,MYS-GOK-0470,working,90,True,2025-10-01
471,12.343355,76.628669,assault,9,4,good,3,Mysore,Gokulam,MYS-GOK-0471,working,71,True,2025-03-12
472,12.346361,76.649009,robbery,9,6,dim,2,Mysore,Gokulam,MYS-GOK-0472,working,90,True,2025-08-07
473,12.346024,76.643918,theft,1,0,none,2,Mysore,Gokulam,MYS-GOK-0473,working,68,True,2025-11-17
474,12.329476,76.641668,harassment,8,1,dim,2,Mysore,Gokulam,MYS-GOK-0474,working,96,True,2025-11-01
475,12.354655,76.646339,stalking,22,1,poor,3,Mysore,Gokulam,MYS-GOK-0475,flickering,5,False,2025-04-27
476,12.340623,76.628781,eve_teasing,21,1,poor,3,Mysore,Gokulam,MYS-GOK-0476,working,70,True,2025-12-22
477,12.33858,76.638104,eve_teasing,4,3,none,3,Mysore,Gokulam,MYS-GOK-0477,working,72,True,2025-09-28
478,12.35558,76.645031,assault,19,1,dim,4,Mysore,Gokulam,MYS-GOK-0478,working,62,True,2025-09-17
479,12.350871,76.627296,robbery,7,4,dim,2,Mysore,Gokulam,MYS-GOK-0479,working,87,True,2025-09-14
480,12.339411,76.625803,eve_teasing,16,6,dim,2,Mysore,Gokulam,MYS-GOK-0480,working,82,True,2025-10-26
481,12.368742,76.643246,robbery,18,3,poor,3,Mysore,Hebbal Mysore,MYS-HEB-0481,working,74,True,2025-02-10
482,12.364449,76.636712,stalking,8,5,good,2,Mysore,Hebbal Mysore,MYS-HEB-0482,working,93,True,2025-02-17
483,12.346716,76.640036,robbery,21,3,none,4,Mysore,Hebbal Mysore,MYS-HEB-0483,working,97,True,2025-05-09
484,12.372149,76.633107,stalking,19,5,dim,2,Mysore,Hebbal Mysore,MYS-HEB-0484,working,95,True,2025-09-16
485,12.351862,76.637173,theft,10,2,dim,1,Mysore,Hebbal Mysore,MYS-HEB-0485,working,85,True,2025-12-05
486,12.37215,76.640178,robbery,9,6,good,2,Mysore,Hebbal Mysore,MYS-HEB-0486,working,73,True,2025-09-13
487,12.370082,76.644426,eve_teasing,20,5,none,2,Mysore,Hebbal Mysore,MYS-HEB-0487,working,100,True,2025-01-26
488,12.349233,76.62476,eve_teasing,16,0,poor,2,Mysore,Hebbal Mysore,MYS-HEB-0488,working,98,True,2025-01-24
489,12.35803,76.649933,eve_teasing,19,2,good,2,Mysore,Hebbal Mysore,MYS-HEB-0489,working,71,True,2025-11-16
490,12.359669,76.626451,robbery,22,4,none,4,Mysore,Hebbal Mysore,MYS-HEB-0490,working,98,True,2025-09-17
491,12.367453,76.638856,robbery,2,1,poor,4,Mysore,Hebbal Mysore,MYS-HEB-0491,broken,8,False,2025-07-12
492,12.36659,76.632564,assault,17,5,good,3,Mysore,Hebbal Mysore,MYS-HEB-0492,off,9,False,2025-12-27
493,12.363273,76.637888,stalking,23,2,none,3,Mysore,Hebbal Mysore,MYS-HEB-0493,flickering,29,False,2025-07-19
494,12.34664,76.625651,eve_teasing,6,0,dim,2,Mysore,Hebbal Mysore,MYS-HEB-0494,working,67,True,2025-09-09
495,12.372783,76.644794,eve_teasing,10,3,good,2,Mysore,Hebbal Mysore,MYS-HEB-0495,working,75,True,2025-06-25
496,12.360265,76.634222,eve_teasing,21,3,none,3,Mysore,Hebbal Mysore,MYS-HEB-0496,working,100,True,2025-04-22
497,12.367535,76.644405,theft,23,4,poor,2,Mysore,Hebbal Mysore,MYS-HEB-0497,working,76,True,2025-04-10
498,12.34929,76.640611,stalking,5,1,poor,3,Mysore,Hebbal Mysore,MYS-HEB-0498,working,96,True,2025-05-06
499,12.374914,76.640893,assault,17,1,poor,3,Mysore,Hebbal Mysore,MYS-HEB-0499,working,76,True,2025-04-08
500,12.352583,76.627891,eve_teasing,13,6,poor,2,Mysore,Hebbal Mysore,MYS-HEB-0500,off,30,False,2025-11-16
